﻿<MD_Metadata xmlns="http://www.isotc211.org/2005/gmd" xmlns:gco="http://www.isotc211.org/2005/gco" xmlns:gts="http://www.isotc211.org/2005/gts" xmlns:srv="http://www.isotc211.org/2005/srv" xmlns:gml="http://www.opengis.net/gml" xmlns:xlink="http://www.w3.org/1999/xlink" xmlns:xsi="http://www.w3.org/2001/XMLSchema-instance">
  <fileIdentifier>
    <gco:CharacterString>E58C92E6-DFEC-4430-A174-2F264C5D609E</gco:CharacterString>
  </fileIdentifier>
  <language>
    <LanguageCode codeList="http://www.loc.gov/standards/iso639-2/php/code_list.php" codeListValue="eng" codeSpace="ISO639-2">eng</LanguageCode>
  </language>
  <characterSet>
    <MD_CharacterSetCode codeList="http://www.isotc211.org/2005/resources/Codelist/gmxCodelists.xml#MD_CharacterSetCode" codeListValue="utf8" codeSpace="ISOTC211/19115">utf8</MD_CharacterSetCode>
  </characterSet>
  <hierarchyLevel>
    <MD_ScopeCode codeList="http://www.isotc211.org/2005/resources/Codelist/gmxCodelists.xml#MD_ScopeCode" codeListValue="dataset" codeSpace="ISOTC211/19115">dataset</MD_ScopeCode>
  </hierarchyLevel>
  <contact>
    <CI_ResponsibleParty>
      <organisationName>
        <gco:CharacterString>Newman Library, Baruch CUNY</gco:CharacterString>
      </organisationName>
      <positionName>
        <gco:CharacterString>Geospatial Data Librarian</gco:CharacterString>
      </positionName>
      <contactInfo>
        <CI_Contact>
          <address>
            <CI_Address>
              <deliveryPoint>
                <gco:CharacterString>151 E 25th St Box H-0520</gco:CharacterString>
              </deliveryPoint>
              <deliveryPoint>
                <gco:CharacterString>Newman Library, Baruch CUNY</gco:CharacterString>
              </deliveryPoint>
              <city>
                <gco:CharacterString>New York</gco:CharacterString>
              </city>
              <administrativeArea>
                <gco:CharacterString>NY</gco:CharacterString>
              </administrativeArea>
              <postalCode>
                <gco:CharacterString>10010</gco:CharacterString>
              </postalCode>
              <country>
                <Country codeList="http://www.iso.org/iso/country_codes/iso_3166_code_lists.htm" codeListValue="US" codeSpace="ISO3166-1">US</Country>
              </country>
            </CI_Address>
          </address>
        </CI_Contact>
      </contactInfo>
      <role>
        <CI_RoleCode codeList="http://www.isotc211.org/2005/resources/Codelist/gmxCodelists.xml#CI_RoleCode" codeListValue="pointOfContact" codeSpace="ISOTC211/19115">pointOfContact</CI_RoleCode>
      </role>
    </CI_ResponsibleParty>
  </contact>
  <dateStamp>
    <gco:Date>2018-10-05</gco:Date>
  </dateStamp>
  <metadataStandardName>
    <gco:CharacterString>NAP - Metadata</gco:CharacterString>
  </metadataStandardName>
  <metadataStandardVersion>
    <gco:CharacterString>1.2</gco:CharacterString>
  </metadataStandardVersion>
  <dataSetURI>
    <gco:CharacterString>https://www.baruch.cuny.edu/confluence/display/geoportal/Datasets/NYC+Geocoded+Real+Estate+Sales</gco:CharacterString>
  </dataSetURI>
  <spatialRepresentationInfo>
    <MD_VectorSpatialRepresentation>
      <topologyLevel>
        <MD_TopologyLevelCode codeList="http://www.isotc211.org/2005/resources/Codelist/gmxCodelists.xml#MD_TopologyLevelCode" codeListValue="geometryOnly" codeSpace="ISOTC211/19115">geometryOnly</MD_TopologyLevelCode>
      </topologyLevel>
      <geometricObjects>
        <MD_GeometricObjects>
          <geometricObjectType>
            <MD_GeometricObjectTypeCode codeList="http://www.isotc211.org/2005/resources/Codelist/gmxCodelists.xml#MD_GeometricObjectTypeCode" codeListValue="point" codeSpace="ISOTC211/19115">point</MD_GeometricObjectTypeCode>
          </geometricObjectType>
          <geometricObjectCount>
            <gco:Integer>88661</gco:Integer>
          </geometricObjectCount>
        </MD_GeometricObjects>
      </geometricObjects>
    </MD_VectorSpatialRepresentation>
  </spatialRepresentationInfo>
  <referenceSystemInfo>
    <MD_ReferenceSystem>
      <referenceSystemIdentifier>
        <RS_Identifier>
          <code>
            <gco:CharacterString>2263</gco:CharacterString>
          </code>
          <codeSpace>
            <gco:CharacterString>EPSG</gco:CharacterString>
          </codeSpace>
          <version>
            <gco:CharacterString>8.5</gco:CharacterString>
          </version>
        </RS_Identifier>
      </referenceSystemIdentifier>
    </MD_ReferenceSystem>
  </referenceSystemInfo>
  <identificationInfo>
    <MD_DataIdentification>
      <citation>
        <CI_Citation>
          <title>
            <gco:CharacterString>Real Estate Sales, New York NY, 2017</gco:CharacterString>
          </title>
          <date>
            <CI_Date>
              <date>
                <gco:Date>2018-10-05</gco:Date>
              </date>
              <dateType>
                <CI_DateTypeCode codeList="http://www.isotc211.org/2005/resources/Codelist/gmxCodelists.xml#CI_DateTypeCode" codeListValue="publication" codeSpace="ISOTC211/19115">publication</CI_DateTypeCode>
              </dateType>
            </CI_Date>
          </date>
          <citedResponsibleParty>
            <CI_ResponsibleParty>
              <organisationName>
                <gco:CharacterString>Newman Library, Baruch CUNY</gco:CharacterString>
              </organisationName>
              <positionName>
                <gco:CharacterString>Geospatial Data Librarian</gco:CharacterString>
              </positionName>
              <contactInfo>
                <CI_Contact>
                  <address>
                    <CI_Address>
                      <deliveryPoint>
                        <gco:CharacterString>151 E 25th St Box H-0520</gco:CharacterString>
                      </deliveryPoint>
                      <deliveryPoint>
                        <gco:CharacterString>Newman Library, Baruch CUNY</gco:CharacterString>
                      </deliveryPoint>
                      <city>
                        <gco:CharacterString>New York</gco:CharacterString>
                      </city>
                      <administrativeArea>
                        <gco:CharacterString>NY</gco:CharacterString>
                      </administrativeArea>
                      <postalCode>
                        <gco:CharacterString>10010</gco:CharacterString>
                      </postalCode>
                      <country>
                        <Country codeList="http://www.iso.org/iso/country_codes/iso_3166_code_lists.htm" codeListValue="US" codeSpace="ISO3166-1">US</Country>
                      </country>
                    </CI_Address>
                  </address>
                </CI_Contact>
              </contactInfo>
              <role>
                <CI_RoleCode codeList="http://www.isotc211.org/2005/resources/Codelist/gmxCodelists.xml#CI_RoleCode" codeListValue="pointOfContact" codeSpace="ISOTC211/19115">pointOfContact</CI_RoleCode>
              </role>
            </CI_ResponsibleParty>
          </citedResponsibleParty>
          <presentationForm>
            <CI_PresentationFormCode codeList="http://www.isotc211.org/2005/resources/Codelist/gmxCodelists.xml#CI_PresentationFormCode" codeListValue="mapDigital" codeSpace="ISOTC211/19115">mapDigital</CI_PresentationFormCode>
          </presentationForm>
          <series>
            <CI_Series>
              <name>
                <gco:CharacterString>NYC Geocoded Real Estate Sales</gco:CharacterString>
              </name>
            </CI_Series>
          </series>
        </CI_Citation>
      </citation>
      <abstract>
        <gco:CharacterString>This point layer was created from Detailed Annual Sales Reports by Borough published by New York City Department of Finance in the Excel format. It represents locations of all properties sold in New York City. Several Python scripts were written to read-in each borough's sales data and combine them into sales for New York City as whole. NYC Geoclient API, developed by NYC's Department of Information Technology and Telecommunications GIS/Mapping unit, was used in a script to geocode locations of the properties sold. Locations geocoded by the script were matched by property address or by property block and lot information, if address was missing or incomplete. For some properties lot information has changed from the year of the property sale (e.g. lot has been split and renumbered) and doesn’t exist in the city's current property and address database. For those records, where neither address match nor block and lot match were successful, manual match was performed by examining archival tax maps library. Due to the vertical nature of the real estate market in New York, multiple points may coincide in the same location. The coordinate reference system for this layer is NY State Plane Long Island in feet. The unique identifier of the dataset is Sale_id. Bbl_id is a unique identifier for the property and may repeat in the dataset if the property was sold more than once in the same year. The user should be cautious of sales with values less than $10 or equal to $0, which are marked as non-usable in this dataset. These sales are transfers of property and are not considered representative of true market conditions. This layer was created as a part of the NYC Geocoded Real Estate Sales data series.</gco:CharacterString>
      </abstract>
      <purpose>
        <gco:CharacterString>This dataset is intended for researches, policy makers, students, and educators for basic geographic and statistical analysis and thematic mapping purposes. It was created by the GIS Lab at the Newman Library at Baruch College CUNY. It is appropriate for analysis at the aggregate level (census tract, or zipcode) due to variations in positional accuracy.</gco:CharacterString>
      </purpose>
      <status>
        <MD_ProgressCode codeList="http://www.isotc211.org/2005/resources/Codelist/gmxCodelists.xml#MD_ProgressCode" codeListValue="completed" codeSpace="ISOTC211/19115">completed</MD_ProgressCode>
      </status>
      <pointOfContact>
        <CI_ResponsibleParty>
          <organisationName>
            <gco:CharacterString>Newman Library, Baruch CUNY</gco:CharacterString>
          </organisationName>
          <positionName>
            <gco:CharacterString>Geospatial Data Librarian</gco:CharacterString>
          </positionName>
          <contactInfo>
            <CI_Contact>
              <address>
                <CI_Address>
                  <deliveryPoint>
                    <gco:CharacterString>151 E 25th St Box H-0520</gco:CharacterString>
                  </deliveryPoint>
                  <deliveryPoint>
                    <gco:CharacterString>Newman Library, Baruch CUNY</gco:CharacterString>
                  </deliveryPoint>
                  <city>
                    <gco:CharacterString>New York</gco:CharacterString>
                  </city>
                  <administrativeArea>
                    <gco:CharacterString>NY</gco:CharacterString>
                  </administrativeArea>
                  <postalCode>
                    <gco:CharacterString>10010</gco:CharacterString>
                  </postalCode>
                  <country>
                    <Country codeList="http://www.iso.org/iso/country_codes/iso_3166_code_lists.htm" codeListValue="US" codeSpace="ISO3166-1">US</Country>
                  </country>
                </CI_Address>
              </address>
            </CI_Contact>
          </contactInfo>
          <role>
            <CI_RoleCode codeList="http://www.isotc211.org/2005/resources/Codelist/gmxCodelists.xml#CI_RoleCode" codeListValue="pointOfContact" codeSpace="ISOTC211/19115">pointOfContact</CI_RoleCode>
          </role>
        </CI_ResponsibleParty>
      </pointOfContact>
      <resourceMaintenance>
        <MD_MaintenanceInformation>
          <maintenanceAndUpdateFrequency>
            <MD_MaintenanceFrequencyCode codeList="http://www.isotc211.org/2005/resources/Codelist/gmxCodelists.xml#MD_MaintenanceFrequencyCode" codeListValue="notPlanned" codeSpace="ISOTC211/19115">notPlanned</MD_MaintenanceFrequencyCode>
          </maintenanceAndUpdateFrequency>
        </MD_MaintenanceInformation>
      </resourceMaintenance>
      <descriptiveKeywords>
        <MD_Keywords>
          <keyword>
            <gco:CharacterString>Bronx County, 36005, Kings County, 36047, New York County, 36061, Queens County, 36081, Richmond County, 36085</gco:CharacterString>
          </keyword>
          <type>
            <MD_KeywordTypeCode codeList="http://www.isotc211.org/2005/resources/Codelist/gmxCodelists.xml#MD_KeywordTypeCode" codeListValue="place" codeSpace="ISOTC211/19115">place</MD_KeywordTypeCode>
          </type>
          <thesaurusName>
            <CI_Citation>
              <title>
                <gco:CharacterString>US Census ANSI/FIPS</gco:CharacterString>
              </title>
              <alternateTitle>
                <gco:CharacterString>ANSI INCITTS 38:2009 (Formerly FIPS 5-2) &amp; ANSI INCITTS 31:2009 (Formerly FIPS 6-4)</gco:CharacterString>
              </alternateTitle>
              <date>
                <CI_Date>
                  <date>
                    <gco:Date>2009-01-01</gco:Date>
                  </date>
                  <dateType>
                    <CI_DateTypeCode codeList="http://www.isotc211.org/2005/resources/Codelist/gmxCodelists.xml#CI_DateTypeCode" codeListValue="publication" codeSpace="ISOTC211/19115">publication</CI_DateTypeCode>
                  </dateType>
                </CI_Date>
              </date>
              <citedResponsibleParty gco:nilReason="missing" />
            </CI_Citation>
          </thesaurusName>
        </MD_Keywords>
      </descriptiveKeywords>
      <descriptiveKeywords>
        <MD_Keywords>
          <keyword>
            <gco:CharacterString>City of New York, 2395220, Borough of Bronx, 978756, Borough of Brooklyn, 978759, Borough of Manhattan, 979190, Borough of Queens, 979404, Borough of Staten Island, 979522</gco:CharacterString>
          </keyword>
          <type>
            <MD_KeywordTypeCode codeList="http://www.isotc211.org/2005/resources/Codelist/gmxCodelists.xml#MD_KeywordTypeCode" codeListValue="place" codeSpace="ISOTC211/19115">place</MD_KeywordTypeCode>
          </type>
          <thesaurusName>
            <CI_Citation>
              <title>
                <gco:CharacterString>Geographic Names Information Service (GNIS)</gco:CharacterString>
              </title>
              <alternateTitle>
                <gco:CharacterString>ANSI INCITTS 446:2008</gco:CharacterString>
              </alternateTitle>
              <date>
                <CI_Date>
                  <date>
                    <gco:Date>2008-01-01</gco:Date>
                  </date>
                  <dateType>
                    <CI_DateTypeCode codeList="http://www.isotc211.org/2005/resources/Codelist/gmxCodelists.xml#CI_DateTypeCode" codeListValue="publication" codeSpace="ISOTC211/19115">publication</CI_DateTypeCode>
                  </dateType>
                </CI_Date>
              </date>
              <citedResponsibleParty gco:nilReason="missing" />
            </CI_Citation>
          </thesaurusName>
        </MD_Keywords>
      </descriptiveKeywords>
      <descriptiveKeywords>
        <MD_Keywords>
          <keyword>
            <gco:CharacterString>2017</gco:CharacterString>
          </keyword>
          <type>
            <MD_KeywordTypeCode codeList="http://www.isotc211.org/2005/resources/Codelist/gmxCodelists.xml#MD_KeywordTypeCode" codeListValue="temporal" codeSpace="ISOTC211/19115">temporal</MD_KeywordTypeCode>
          </type>
        </MD_Keywords>
      </descriptiveKeywords>
      <descriptiveKeywords>
        <MD_Keywords>
          <keyword>
            <gco:CharacterString>Real estate transactions, Real property,Property, Finance</gco:CharacterString>
          </keyword>
          <type>
            <MD_KeywordTypeCode codeList="http://www.isotc211.org/2005/resources/Codelist/gmxCodelists.xml#MD_KeywordTypeCode" codeListValue="theme" codeSpace="ISOTC211/19115">theme</MD_KeywordTypeCode>
          </type>
          <thesaurusName>
            <CI_Citation>
              <title>
                <gco:CharacterString>Library of Congress Subject Headings (LCSH)</gco:CharacterString>
              </title>
              <date>
                <CI_Date>
                  <date>
                    <gco:Date>2016-05-13</gco:Date>
                  </date>
                  <dateType>
                    <CI_DateTypeCode codeList="http://www.isotc211.org/2005/resources/Codelist/gmxCodelists.xml#CI_DateTypeCode" codeListValue="publication" codeSpace="ISOTC211/19115">publication</CI_DateTypeCode>
                  </dateType>
                </CI_Date>
              </date>
              <citedResponsibleParty gco:nilReason="missing" />
            </CI_Citation>
          </thesaurusName>
        </MD_Keywords>
      </descriptiveKeywords>
      <descriptiveKeywords>
        <MD_Keywords>
          <keyword>
            <gco:CharacterString>Downloadable Data</gco:CharacterString>
          </keyword>
          <thesaurusName uuidref="723f6998-058e-11dc-8314-0800200c9a66" />
        </MD_Keywords>
      </descriptiveKeywords>
      <resourceConstraints>
        <MD_Constraints>
          <useLimitation>
            <gco:CharacterString>Disclaimer: Every effort was made to insure that the data, which was compiled from public sources, was processed accurately. The creator, Baruch College, and CUNY disclaim any liability for errors, inaccuracies, or omissions that may be contained therein or for any damages that may arise from the foregoing. Users should independently verify the accuracy of the data for their purposes.The data is licensed under a Creative Commons Attribution-NonCommercial-NoDerivatives 4.0 International license CC BY-NC-ND http://creativecommons.org/licenses/by-nc-nd/4.0/ You are free to share the work as long as you cite the source, do not use it for commercial purposes, and do not distribute derivatives of the data.Although this data is being distributed by Baruch College CUNY, no warranty expressed or implied is made by the College or University as to the accuracy of the data and related materials. The act of distribution shall not constitute any such warranty, and no responsibility is assumed by the College or University in the use of this data, or related materials.</gco:CharacterString>
          </useLimitation>
        </MD_Constraints>
      </resourceConstraints>
      <resourceConstraints>
        <MD_LegalConstraints>
          <accessConstraints>
            <MD_RestrictionCode codeList="http://www.isotc211.org/2005/resources/Codelist/gmxCodelists.xml#MD_RestrictionCode" codeListValue="license" codeSpace="ISOTC211/19115">license</MD_RestrictionCode>
          </accessConstraints>
          <useConstraints>
            <MD_RestrictionCode codeList="http://www.isotc211.org/2005/resources/Codelist/gmxCodelists.xml#MD_RestrictionCode" codeListValue="license" codeSpace="ISOTC211/19115">license</MD_RestrictionCode>
          </useConstraints>
        </MD_LegalConstraints>
      </resourceConstraints>
      <spatialRepresentationType>
        <MD_SpatialRepresentationTypeCode codeList="http://www.isotc211.org/2005/resources/Codelist/gmxCodelists.xml#MD_SpatialRepresentationTypeCode" codeListValue="vector" codeSpace="ISOTC211/19115">vector</MD_SpatialRepresentationTypeCode>
      </spatialRepresentationType>
      <language>
        <LanguageCode codeList="http://www.loc.gov/standards/iso639-2/php/code_list.php" codeListValue="eng" codeSpace="ISO639-2">eng</LanguageCode>
      </language>
      <characterSet>
        <MD_CharacterSetCode codeList="http://www.isotc211.org/2005/resources/Codelist/gmxCodelists.xml#MD_CharacterSetCode" codeListValue="utf8" codeSpace="ISOTC211/19115">utf8</MD_CharacterSetCode>
      </characterSet>
      <topicCategory>
        <MD_TopicCategoryCode>structure</MD_TopicCategoryCode>
      </topicCategory>
      <topicCategory>
        <MD_TopicCategoryCode>location</MD_TopicCategoryCode>
      </topicCategory>
      <topicCategory>
        <MD_TopicCategoryCode>economy</MD_TopicCategoryCode>
      </topicCategory>
      <environmentDescription>
        <gco:CharacterString>Microsoft Windows 7 Version 6.1 (Build 7601) Service Pack 1; Esri ArcGIS 10.3.1.4959</gco:CharacterString>
      </environmentDescription>
      <extent>
        <EX_Extent>
          <description>
            <gco:CharacterString>City of New York</gco:CharacterString>
          </description>
          <geographicElement>
            <EX_GeographicBoundingBox>
              <extentTypeCode>
                <gco:Boolean>true</gco:Boolean>
              </extentTypeCode>
              <westBoundLongitude>
                <gco:Decimal>-74.255054</gco:Decimal>
              </westBoundLongitude>
              <eastBoundLongitude>
                <gco:Decimal>-73.699862</gco:Decimal>
              </eastBoundLongitude>
              <southBoundLatitude>
                <gco:Decimal>40.498445</gco:Decimal>
              </southBoundLatitude>
              <northBoundLatitude>
                <gco:Decimal>40.912915</gco:Decimal>
              </northBoundLatitude>
            </EX_GeographicBoundingBox>
          </geographicElement>
          <temporalElement>
            <EX_TemporalExtent>
              <extent>
                <gml:TimePeriod gml:id="ID0EBAAC">
                  <gml:beginPosition>2017-01-01T00:00:00</gml:beginPosition>
                  <gml:endPosition>2017-12-31T00:00:00</gml:endPosition>
                </gml:TimePeriod>
              </extent>
            </EX_TemporalExtent>
          </temporalElement>
        </EX_Extent>
      </extent>
      <extent>
        <EX_Extent>
          <geographicElement>
            <EX_GeographicBoundingBox>
              <extentTypeCode>
                <gco:Boolean>true</gco:Boolean>
              </extentTypeCode>
              <westBoundLongitude>
                <gco:Decimal>-74.256284</gco:Decimal>
              </westBoundLongitude>
              <eastBoundLongitude>
                <gco:Decimal>-73.699963</gco:Decimal>
              </eastBoundLongitude>
              <southBoundLatitude>
                <gco:Decimal>40.498981</gco:Decimal>
              </southBoundLatitude>
              <northBoundLatitude>
                <gco:Decimal>40.91291</gco:Decimal>
              </northBoundLatitude>
            </EX_GeographicBoundingBox>
          </geographicElement>
        </EX_Extent>
      </extent>
      <supplementalInformation>
        <gco:CharacterString>The field 'usable' indicates whether the sale was arms-length transaction. According to New York State Department of Taxation and Finance, sales with value under $10 are considered arms-length transactions or non-usable.</gco:CharacterString>
      </supplementalInformation>
    </MD_DataIdentification>
  </identificationInfo>
  <distributionInfo>
    <MD_Distribution>
      <distributionFormat>
        <MD_Format>
          <name>
            <gco:CharacterString>Shapefile</gco:CharacterString>
          </name>
          <version gco:nilReason="missing" />
        </MD_Format>
      </distributionFormat>
      <distributor>
        <MD_Distributor>
          <distributorContact>
            <CI_ResponsibleParty>
              <organisationName>
                <gco:CharacterString>Newman Library, Baruch CUNY</gco:CharacterString>
              </organisationName>
              <positionName>
                <gco:CharacterString>Geospatial Data Librarian</gco:CharacterString>
              </positionName>
              <contactInfo>
                <CI_Contact>
                  <address>
                    <CI_Address>
                      <deliveryPoint>
                        <gco:CharacterString>Newman Library, Baruch CUNY</gco:CharacterString>
                      </deliveryPoint>
                      <deliveryPoint>
                        <gco:CharacterString>151 E 25th St Box H-0520</gco:CharacterString>
                      </deliveryPoint>
                      <city>
                        <gco:CharacterString>New York</gco:CharacterString>
                      </city>
                      <administrativeArea>
                        <gco:CharacterString>NY</gco:CharacterString>
                      </administrativeArea>
                      <postalCode>
                        <gco:CharacterString>10010</gco:CharacterString>
                      </postalCode>
                      <country>
                        <Country codeList="http://www.iso.org/iso/country_codes/iso_3166_code_lists.htm" codeListValue="US" codeSpace="ISO3166-1">US</Country>
                      </country>
                    </CI_Address>
                  </address>
                </CI_Contact>
              </contactInfo>
              <role>
                <CI_RoleCode codeList="http://www.isotc211.org/2005/resources/Codelist/gmxCodelists.xml#CI_RoleCode" codeListValue="pointOfContact" codeSpace="ISOTC211/19115">pointOfContact</CI_RoleCode>
              </role>
            </CI_ResponsibleParty>
          </distributorContact>
        </MD_Distributor>
      </distributor>
      <transferOptions>
        <MD_DigitalTransferOptions>
          <transferSize>
            <gco:Real>3.15</gco:Real>
          </transferSize>
        </MD_DigitalTransferOptions>
      </transferOptions>
    </MD_Distribution>
  </distributionInfo>
  <dataQualityInfo>
    <DQ_DataQuality>
      <scope>
        <DQ_Scope>
          <level>
            <MD_ScopeCode codeList="http://www.isotc211.org/2005/resources/Codelist/gmxCodelists.xml#MD_ScopeCode" codeListValue="dataset" codeSpace="ISOTC211/19115">dataset</MD_ScopeCode>
          </level>
        </DQ_Scope>
      </scope>
      <lineage>
        <LI_Lineage>
          <statement>
            <gco:CharacterString>This dataset was created from Detailed Annual Sales Reports by Borough published in Excel format by the New York City Department of Finance. A Python script was written to read-in the original data, geocode locations of the properties sold using property address (if available, complete and not erroneous ) or property block and lot information, and to write out the data into a SQLite database and individual shapefiles. Subsequently, a geometry column was created in the database and populated using sql statements and coordinates generated from the geocoding operation. The point layer was transformed from the original NAD 83 to NAD 83 New York Long Island (ftUS) coordinate system. For some properties lot information has changed from the year of the property sale (e.g. lot has been split and renumbered) and doesn’t exist in the city's current property and address database. For such records, geocoding against current database was unsuccessful. For records where neither address match nor block and lot match were successful, manual matches were performed by examining archival tax maps library, noting the streets intersection and locating the approximate property position on Google Maps. Several columns were added to the original dataset. The Sale_id column was created as a unique id for each record. Bbl_id was created by concatenating borough, block, and lot information and it represents a unique id of the property in this dataset. Column Usable was created to indicate whether the sale is usable or non-usable (under $10 value) in accordance with New York State Department of Finance’s sale usability criteria. Column Georesult indicates whether the coordinates were obtained using property’s address (Address Match), property’s block and lot information (Block Match), or manually (Manual Match). Message column contains the message captured by the script from geocoding procedure. If present, it refers to the positional accuracy of geocoding.</gco:CharacterString>
          </statement>
          <source>
            <LI_Source>
              <description>
                <gco:CharacterString>New York City Department of Finance</gco:CharacterString>
              </description>
              <sourceCitation>
                <CI_Citation>
                  <title>
                    <gco:CharacterString>Detailed Annual Sales Reports by Borough</gco:CharacterString>
                  </title>
                  <date>
                    <CI_Date>
                      <date>
                        <gco:Date>2018-05-24</gco:Date>
                      </date>
                      <dateType>
                        <CI_DateTypeCode codeList="http://www.isotc211.org/2005/resources/Codelist/gmxCodelists.xml#CI_DateTypeCode" codeListValue="publication" codeSpace="ISOTC211/19115">publication</CI_DateTypeCode>
                      </dateType>
                    </CI_Date>
                  </date>
                  <citedResponsibleParty gco:nilReason="missing" />
                </CI_Citation>
              </sourceCitation>
            </LI_Source>
          </source>
        </LI_Lineage>
      </lineage>
    </DQ_DataQuality>
  </dataQualityInfo>
  <metadataConstraints>
    <MD_Constraints>
      <useLimitation>
        <gco:CharacterString>Metadata for this layer is licensed under a Creative Commons Attribution-NonCommercial license CC BY-NC http://creativecommons.org/licenses/by-nc/4.0/. You are free to share and to adapt the metadata as long as you cite the source and do not use it for commercial purposes.</gco:CharacterString>
      </useLimitation>
    </MD_Constraints>
  </metadataConstraints>
  <metadataConstraints>
    <MD_LegalConstraints>
      <accessConstraints>
        <MD_RestrictionCode codeList="http://www.isotc211.org/2005/resources/Codelist/gmxCodelists.xml#MD_RestrictionCode" codeListValue="license" codeSpace="ISOTC211/19115">license</MD_RestrictionCode>
      </accessConstraints>
      <useConstraints>
        <MD_RestrictionCode codeList="http://www.isotc211.org/2005/resources/Codelist/gmxCodelists.xml#MD_RestrictionCode" codeListValue="license" codeSpace="ISOTC211/19115">license</MD_RestrictionCode>
      </useConstraints>
    </MD_LegalConstraints>
  </metadataConstraints>
  <metadataMaintenance>
    <MD_MaintenanceInformation>
      <maintenanceAndUpdateFrequency>
        <MD_MaintenanceFrequencyCode codeList="http://www.isotc211.org/2005/resources/Codelist/gmxCodelists.xml#MD_MaintenanceFrequencyCode" codeListValue="notPlanned" codeSpace="ISOTC211/19115">notPlanned</MD_MaintenanceFrequencyCode>
      </maintenanceAndUpdateFrequency>
      <maintenanceNote>
        <gco:CharacterString>This metadata record was created by Frank Donnelly in Oct 2018.</gco:CharacterString>
      </maintenanceNote>
    </MD_MaintenanceInformation>
  </metadataMaintenance>
</MD_Metadata>