<?xml version="1.0" encoding="UTF-8"?>
<metadata xml:lang="en"><Esri><CreaDate>20220404</CreaDate><CreaTime>11282200</CreaTime><ArcGISFormat>1.0</ArcGISFormat><SyncOnce>TRUE</SyncOnce><DataProperties><itemProps><itemLocation><linkage Sync="TRUE">file://\\LINDAB\C$\DATA\Projects\CaseStudies\DESKTOP\2_Tornadoes\FinalGPK\Tornadoes and tracks 1950-2011\v101\default.gdb</linkage><protocol Sync="TRUE">Local Area Network</protocol></itemLocation></itemProps><copyHistory><copy source="C:\working\tornado\SVRGIS\tornado" dest="\\FIELD\working\tornado\tornado19502012\commondata\svrgis\tornado" date="20130614" time="10465100"></copy></copyHistory><lineage><Process ToolSource="c:\program files (x86)\arcgis\desktop10.2\ArcToolbox\Toolboxes\Data Management Tools.tbx\CalculateField" Date="20130614" Time="111030">CalculateField tornado FSCALE "" VB #</Process><Process ToolSource="c:\program files (x86)\arcgis\desktop10.2\ArcToolbox\Toolboxes\Data Management Tools.tbx\CalculateField" Date="20130614" Time="111445">CalculateField tornado FSCALE2 [FSCALE] VB #</Process></lineage></DataProperties></Esri></metadata>
