<metadata xml:lang="en"><Esri><CreaDate>20220404</CreaDate><CreaTime>16282000</CreaTime><ArcGISFormat>1.0</ArcGISFormat><SyncOnce>FALSE</SyncOnce><DataProperties><lineage><Process ToolSource="c:\program files\arcgis\pro\Resources\ArcToolbox\toolboxes\Data Management Tools.tbx\CreateFeatureclass" Date="20220404" Time="162820">CreateFeatureclass D:\TA_CRP5680_UrbanDataSci\Lab9\Lab9.gdb Sheet1_XYTableToPoint Point Sheet1$ No No "GEOGCS["GCS_WGS_1984",DATUM["D_WGS_1984",SPHEROID["WGS_1984",6378137.0,298.257223563]],PRIMEM["Greenwich",0.0],UNIT["Degree",0.0174532925199433]];-400 -400 1000000000;-100000 10000;-100000 10000;8.98315284119521E-09;0.001;0.001;IsHighPrecision" # 0 0 0 #</Process><Process ToolSource="c:\program files\arcgis\pro\Resources\ArcToolbox\toolboxes\Data Management Tools.tbx\XYTableToPoint" Date="20220404" Time="162821">XYTableToPoint Sheet1$ D:\TA_CRP5680_UrbanDataSci\Lab9\Lab9.gdb\Sheet1_XYTableToPoint lon lat # "GEOGCS["GCS_WGS_1984",DATUM["D_WGS_1984",SPHEROID["WGS_1984",6378137.0,298.257223563]],PRIMEM["Greenwich",0.0],UNIT["Degree",0.0174532925199433]];-400 -400 1000000000;-100000 10000;-100000 10000;8.98315284119521E-09;0.001;0.001;IsHighPrecision"</Process><Process ToolSource="c:\program files\arcgis\pro\Resources\ArcToolbox\toolboxes\Conversion Tools.tbx\FeatureClassToFeatureClass" Date="20220404" Time="162907">FeatureClassToFeatureClass Sheet1_XYTableToPoint D:\TA_CRP5680_UrbanDataSci\Lab9\Lab9_data_demo\airquality PM25_1418.shp # "Eng_name "Eng_name" true true false 255 Text 0 0,First,#,Sheet1_XYTableToPoint,Eng_name,0,255;lon "lon" true true false 8 Double 0 0,First,#,Sheet1_XYTableToPoint,lon,-1,-1;lat "lat" true true false 8 Double 0 0,First,#,Sheet1_XYTableToPoint,lat,-1,-1;F201401 "201401" true true false 8 Double 0 0,First,#,Sheet1_XYTableToPoint,F201401,-1,-1;F201402 "201402" true true false 8 Double 0 0,First,#,Sheet1_XYTableToPoint,F201402,-1,-1;F201403 "201403" true true false 8 Double 0 0,First,#,Sheet1_XYTableToPoint,F201403,-1,-1;F201404 "201404" true true false 8 Double 0 0,First,#,Sheet1_XYTableToPoint,F201404,-1,-1;F201405 "201405" true true false 8 Double 0 0,First,#,Sheet1_XYTableToPoint,F201405,-1,-1;F201406 "201406" true true false 8 Double 0 0,First,#,Sheet1_XYTableToPoint,F201406,-1,-1;F201407 "201407" true true false 8 Double 0 0,First,#,Sheet1_XYTableToPoint,F201407,-1,-1;F201408 "201408" true true false 8 Double 0 0,First,#,Sheet1_XYTableToPoint,F201408,-1,-1;F201409 "201409" true true false 8 Double 0 0,First,#,Sheet1_XYTableToPoint,F201409,-1,-1;F201410 "201410" true true false 8 Double 0 0,First,#,Sheet1_XYTableToPoint,F201410,-1,-1;F201411 "201411" true true false 8 Double 0 0,First,#,Sheet1_XYTableToPoint,F201411,-1,-1;F201412 "201412" true true false 8 Double 0 0,First,#,Sheet1_XYTableToPoint,F201412,-1,-1;F201501 "201501" true true false 8 Double 0 0,First,#,Sheet1_XYTableToPoint,F201501,-1,-1;F201502 "201502" true true false 8 Double 0 0,First,#,Sheet1_XYTableToPoint,F201502,-1,-1;F201503 "201503" true true false 8 Double 0 0,First,#,Sheet1_XYTableToPoint,F201503,-1,-1;F201504 "201504" true true false 8 Double 0 0,First,#,Sheet1_XYTableToPoint,F201504,-1,-1;F201505 "201505" true true false 8 Double 0 0,First,#,Sheet1_XYTableToPoint,F201505,-1,-1;F201506 "201506" true true false 8 Double 0 0,First,#,Sheet1_XYTableToPoint,F201506,-1,-1;F201507 "201507" true true false 8 Double 0 0,First,#,Sheet1_XYTableToPoint,F201507,-1,-1;F201508 "201508" true true false 8 Double 0 0,First,#,Sheet1_XYTableToPoint,F201508,-1,-1;F201509 "201509" true true false 8 Double 0 0,First,#,Sheet1_XYTableToPoint,F201509,-1,-1;F201510 "201510" true true false 8 Double 0 0,First,#,Sheet1_XYTableToPoint,F201510,-1,-1;F201511 "201511" true true false 8 Double 0 0,First,#,Sheet1_XYTableToPoint,F201511,-1,-1;F201512 "201512" true true false 8 Double 0 0,First,#,Sheet1_XYTableToPoint,F201512,-1,-1;F201601 "201601" true true false 8 Double 0 0,First,#,Sheet1_XYTableToPoint,F201601,-1,-1;F201602 "201602" true true false 8 Double 0 0,First,#,Sheet1_XYTableToPoint,F201602,-1,-1;F201603 "201603" true true false 8 Double 0 0,First,#,Sheet1_XYTableToPoint,F201603,-1,-1;F201604 "201604" true true false 8 Double 0 0,First,#,Sheet1_XYTableToPoint,F201604,-1,-1;F201605 "201605" true true false 8 Double 0 0,First,#,Sheet1_XYTableToPoint,F201605,-1,-1;F201606 "201606" true true false 8 Double 0 0,First,#,Sheet1_XYTableToPoint,F201606,-1,-1;F201607 "201607" true true false 8 Double 0 0,First,#,Sheet1_XYTableToPoint,F201607,-1,-1;F201608 "201608" true true false 8 Double 0 0,First,#,Sheet1_XYTableToPoint,F201608,-1,-1;F201609 "201609" true true false 8 Double 0 0,First,#,Sheet1_XYTableToPoint,F201609,-1,-1;F201610 "201610" true true false 8 Double 0 0,First,#,Sheet1_XYTableToPoint,F201610,-1,-1;F201611 "201611" true true false 8 Double 0 0,First,#,Sheet1_XYTableToPoint,F201611,-1,-1;F201612 "201612" true true false 8 Double 0 0,First,#,Sheet1_XYTableToPoint,F201612,-1,-1;F201701 "201701" true true false 8 Double 0 0,First,#,Sheet1_XYTableToPoint,F201701,-1,-1;F201702 "201702" true true false 8 Double 0 0,First,#,Sheet1_XYTableToPoint,F201702,-1,-1;F201703 "201703" true true false 8 Double 0 0,First,#,Sheet1_XYTableToPoint,F201703,-1,-1;F201704 "201704" true true false 8 Double 0 0,First,#,Sheet1_XYTableToPoint,F201704,-1,-1;F201705 "201705" true true false 8 Double 0 0,First,#,Sheet1_XYTableToPoint,F201705,-1,-1;F201706 "201706" true true false 8 Double 0 0,First,#,Sheet1_XYTableToPoint,F201706,-1,-1;F201707 "201707" true true false 8 Double 0 0,First,#,Sheet1_XYTableToPoint,F201707,-1,-1;F201708 "201708" true true false 8 Double 0 0,First,#,Sheet1_XYTableToPoint,F201708,-1,-1;F201709 "201709" true true false 8 Double 0 0,First,#,Sheet1_XYTableToPoint,F201709,-1,-1;F201710 "201710" true true false 8 Double 0 0,First,#,Sheet1_XYTableToPoint,F201710,-1,-1;F201711 "201711" true true false 8 Double 0 0,First,#,Sheet1_XYTableToPoint,F201711,-1,-1;F201712 "201712" true true false 8 Double 0 0,First,#,Sheet1_XYTableToPoint,F201712,-1,-1;F201801 "201801" true true false 8 Double 0 0,First,#,Sheet1_XYTableToPoint,F201801,-1,-1;F201802 "201802" true true false 8 Double 0 0,First,#,Sheet1_XYTableToPoint,F201802,-1,-1;F201803 "201803" true true false 8 Double 0 0,First,#,Sheet1_XYTableToPoint,F201803,-1,-1;F201804 "201804" true true false 8 Double 0 0,First,#,Sheet1_XYTableToPoint,F201804,-1,-1;F201805 "201805" true true false 8 Double 0 0,First,#,Sheet1_XYTableToPoint,F201805,-1,-1;F201806 "201806" true true false 8 Double 0 0,First,#,Sheet1_XYTableToPoint,F201806,-1,-1;F201807 "201807" true true false 8 Double 0 0,First,#,Sheet1_XYTableToPoint,F201807,-1,-1;F201808 "201808" true true false 8 Double 0 0,First,#,Sheet1_XYTableToPoint,F201808,-1,-1;F201809 "201809" true true false 8 Double 0 0,First,#,Sheet1_XYTableToPoint,F201809,-1,-1;F201810 "201810" true true false 8 Double 0 0,First,#,Sheet1_XYTableToPoint,F201810,-1,-1;F201811 "201811" true true false 8 Double 0 0,First,#,Sheet1_XYTableToPoint,F201811,-1,-1;F201812 "201812" true true false 8 Double 0 0,First,#,Sheet1_XYTableToPoint,F201812,-1,-1" #</Process></lineage><itemProps><itemName Sync="TRUE">PM25_1418</itemName><imsContentType Sync="TRUE">002</imsContentType><itemSize Sync="TRUE">0.000</itemSize><itemLocation><linkage Sync="TRUE">file://\\WENZHENGLI\D$\TA_CRP5680_UrbanDataSci\Lab9\Lab9_data_demo\airquality\PM25_1418.shp</linkage><protocol Sync="TRUE">Local Area Network</protocol></itemLocation></itemProps><coordRef><type Sync="TRUE">Geographic</type><geogcsn Sync="TRUE">GCS_WGS_1984</geogcsn><csUnits Sync="TRUE">Angular Unit: Degree (0.017453)</csUnits><peXml Sync="TRUE">&lt;GeographicCoordinateSystem xsi:type='typens:GeographicCoordinateSystem' xmlns:xsi='http://www.w3.org/2001/XMLSchema-instance' xmlns:xs='http://www.w3.org/2001/XMLSchema' xmlns:typens='http://www.esri.com/schemas/ArcGIS/2.8.0'&gt;&lt;WKT&gt;GEOGCS[&amp;quot;GCS_WGS_1984&amp;quot;,DATUM[&amp;quot;D_WGS_1984&amp;quot;,SPHEROID[&amp;quot;WGS_1984&amp;quot;,6378137.0,298.257223563]],PRIMEM[&amp;quot;Greenwich&amp;quot;,0.0],UNIT[&amp;quot;Degree&amp;quot;,0.0174532925199433],AUTHORITY[&amp;quot;EPSG&amp;quot;,4326]]&lt;/WKT&gt;&lt;XOrigin&gt;-400&lt;/XOrigin&gt;&lt;YOrigin&gt;-400&lt;/YOrigin&gt;&lt;XYScale&gt;11258999068426.238&lt;/XYScale&gt;&lt;ZOrigin&gt;-100000&lt;/ZOrigin&gt;&lt;ZScale&gt;10000&lt;/ZScale&gt;&lt;MOrigin&gt;-100000&lt;/MOrigin&gt;&lt;MScale&gt;10000&lt;/MScale&gt;&lt;XYTolerance&gt;8.983152841195215e-09&lt;/XYTolerance&gt;&lt;ZTolerance&gt;0.001&lt;/ZTolerance&gt;&lt;MTolerance&gt;0.001&lt;/MTolerance&gt;&lt;HighPrecision&gt;true&lt;/HighPrecision&gt;&lt;LeftLongitude&gt;-180&lt;/LeftLongitude&gt;&lt;WKID&gt;4326&lt;/WKID&gt;&lt;LatestWKID&gt;4326&lt;/LatestWKID&gt;&lt;/GeographicCoordinateSystem&gt;</peXml></coordRef></DataProperties><SyncDate>20220404</SyncDate><SyncTime>16290700</SyncTime><ModDate>20220404</ModDate><ModTime>16290700</ModTime></Esri><dataIdInfo><envirDesc Sync="TRUE">Microsoft Windows 10 Version 10.0 (Build 22000) ; Esri ArcGIS 12.8.0.29751</envirDesc><dataLang><languageCode value="eng" Sync="TRUE"></languageCode><countryCode value="USA" Sync="TRUE"></countryCode></dataLang><idCitation><resTitle Sync="TRUE">PM25_1418</resTitle><presForm><PresFormCd value="005" Sync="TRUE"></PresFormCd></presForm></idCitation><spatRpType><SpatRepTypCd value="001" Sync="TRUE"></SpatRepTypCd></spatRpType></dataIdInfo><mdLang><languageCode value="eng" Sync="TRUE"></languageCode><countryCode value="USA" Sync="TRUE"></countryCode></mdLang><distInfo><distFormat><formatName Sync="TRUE">Shapefile</formatName></distFormat><distTranOps><transSize Sync="TRUE">0.000</transSize></distTranOps></distInfo><mdHrLv><ScopeCd value="005" Sync="TRUE"></ScopeCd></mdHrLv><mdHrLvName Sync="TRUE">dataset</mdHrLvName><refSysInfo><RefSystem><refSysID><identCode code="4326" Sync="TRUE"></identCode><idCodeSpace Sync="TRUE">EPSG</idCodeSpace><idVersion Sync="TRUE">6.2(3.0.1)</idVersion></refSysID></RefSystem></refSysInfo><spatRepInfo><VectSpatRep><geometObjs Name="PM25_1418"><geoObjTyp><GeoObjTypCd value="004" Sync="TRUE"></GeoObjTypCd></geoObjTyp><geoObjCnt Sync="TRUE">0</geoObjCnt></geometObjs><topLvl><TopoLevCd value="001" Sync="TRUE"></TopoLevCd></topLvl></VectSpatRep></spatRepInfo><spdoinfo><ptvctinf><esriterm Name="PM25_1418"><efeatyp Sync="TRUE">Simple</efeatyp><efeageom code="1" Sync="TRUE"></efeageom><esritopo Sync="TRUE">FALSE</esritopo><efeacnt Sync="TRUE">0</efeacnt><spindex Sync="TRUE">FALSE</spindex><linrefer Sync="TRUE">FALSE</linrefer></esriterm></ptvctinf></spdoinfo><eainfo><detailed Name="PM25_1418"><enttyp><enttypl Sync="TRUE">PM25_1418</enttypl><enttypt Sync="TRUE">Feature Class</enttypt><enttypc Sync="TRUE">0</enttypc></enttyp><attr><attrlabl Sync="TRUE">FID</attrlabl><attalias Sync="TRUE">FID</attalias><attrtype Sync="TRUE">OID</attrtype><attwidth Sync="TRUE">4</attwidth><atprecis Sync="TRUE">0</atprecis><attscale Sync="TRUE">0</attscale><attrdef Sync="TRUE">Internal feature number.</attrdef><attrdefs Sync="TRUE">Esri</attrdefs><attrdomv><udom Sync="TRUE">Sequential unique whole numbers that are automatically generated.</udom></attrdomv></attr><attr><attrlabl Sync="TRUE">Shape</attrlabl><attalias Sync="TRUE">Shape</attalias><attrtype Sync="TRUE">Geometry</attrtype><attwidth Sync="TRUE">0</attwidth><atprecis Sync="TRUE">0</atprecis><attscale Sync="TRUE">0</attscale><attrdef Sync="TRUE">Feature geometry.</attrdef><attrdefs Sync="TRUE">Esri</attrdefs><attrdomv><udom Sync="TRUE">Coordinates defining the features.</udom></attrdomv></attr><attr><attrlabl Sync="TRUE">Eng_name</attrlabl><attalias Sync="TRUE">Eng_name</attalias><attrtype Sync="TRUE">String</attrtype><attwidth Sync="TRUE">254</attwidth><atprecis Sync="TRUE">0</atprecis><attscale Sync="TRUE">0</attscale></attr><attr><attrlabl Sync="TRUE">lon</attrlabl><attalias Sync="TRUE">lon</attalias><attrtype Sync="TRUE">Double</attrtype><attwidth Sync="TRUE">19</attwidth><atprecis Sync="TRUE">0</atprecis><attscale Sync="TRUE">0</attscale></attr><attr><attrlabl Sync="TRUE">lat</attrlabl><attalias Sync="TRUE">lat</attalias><attrtype Sync="TRUE">Double</attrtype><attwidth Sync="TRUE">19</attwidth><atprecis Sync="TRUE">0</atprecis><attscale Sync="TRUE">0</attscale></attr><attr><attrlabl Sync="TRUE">F201401</attrlabl><attalias Sync="TRUE">F201401</attalias><attrtype Sync="TRUE">Double</attrtype><attwidth Sync="TRUE">19</attwidth><atprecis Sync="TRUE">0</atprecis><attscale Sync="TRUE">0</attscale></attr><attr><attrlabl Sync="TRUE">F201402</attrlabl><attalias Sync="TRUE">F201402</attalias><attrtype Sync="TRUE">Double</attrtype><attwidth Sync="TRUE">19</attwidth><atprecis Sync="TRUE">0</atprecis><attscale Sync="TRUE">0</attscale></attr><attr><attrlabl Sync="TRUE">F201403</attrlabl><attalias Sync="TRUE">F201403</attalias><attrtype Sync="TRUE">Double</attrtype><attwidth Sync="TRUE">19</attwidth><atprecis Sync="TRUE">0</atprecis><attscale Sync="TRUE">0</attscale></attr><attr><attrlabl Sync="TRUE">F201404</attrlabl><attalias Sync="TRUE">F201404</attalias><attrtype Sync="TRUE">Double</attrtype><attwidth Sync="TRUE">19</attwidth><atprecis Sync="TRUE">0</atprecis><attscale Sync="TRUE">0</attscale></attr><attr><attrlabl Sync="TRUE">F201405</attrlabl><attalias Sync="TRUE">F201405</attalias><attrtype Sync="TRUE">Double</attrtype><attwidth Sync="TRUE">19</attwidth><atprecis Sync="TRUE">0</atprecis><attscale Sync="TRUE">0</attscale></attr><attr><attrlabl Sync="TRUE">F201406</attrlabl><attalias Sync="TRUE">F201406</attalias><attrtype Sync="TRUE">Double</attrtype><attwidth Sync="TRUE">19</attwidth><atprecis Sync="TRUE">0</atprecis><attscale Sync="TRUE">0</attscale></attr><attr><attrlabl Sync="TRUE">F201407</attrlabl><attalias Sync="TRUE">F201407</attalias><attrtype Sync="TRUE">Double</attrtype><attwidth Sync="TRUE">19</attwidth><atprecis Sync="TRUE">0</atprecis><attscale Sync="TRUE">0</attscale></attr><attr><attrlabl Sync="TRUE">F201408</attrlabl><attalias Sync="TRUE">F201408</attalias><attrtype Sync="TRUE">Double</attrtype><attwidth Sync="TRUE">19</attwidth><atprecis Sync="TRUE">0</atprecis><attscale Sync="TRUE">0</attscale></attr><attr><attrlabl Sync="TRUE">F201409</attrlabl><attalias Sync="TRUE">F201409</attalias><attrtype Sync="TRUE">Double</attrtype><attwidth Sync="TRUE">19</attwidth><atprecis Sync="TRUE">0</atprecis><attscale Sync="TRUE">0</attscale></attr><attr><attrlabl Sync="TRUE">F201410</attrlabl><attalias Sync="TRUE">F201410</attalias><attrtype Sync="TRUE">Double</attrtype><attwidth Sync="TRUE">19</attwidth><atprecis Sync="TRUE">0</atprecis><attscale Sync="TRUE">0</attscale></attr><attr><attrlabl Sync="TRUE">F201411</attrlabl><attalias Sync="TRUE">F201411</attalias><attrtype Sync="TRUE">Double</attrtype><attwidth Sync="TRUE">19</attwidth><atprecis Sync="TRUE">0</atprecis><attscale Sync="TRUE">0</attscale></attr><attr><attrlabl Sync="TRUE">F201412</attrlabl><attalias Sync="TRUE">F201412</attalias><attrtype Sync="TRUE">Double</attrtype><attwidth Sync="TRUE">19</attwidth><atprecis Sync="TRUE">0</atprecis><attscale Sync="TRUE">0</attscale></attr><attr><attrlabl Sync="TRUE">F201501</attrlabl><attalias Sync="TRUE">F201501</attalias><attrtype Sync="TRUE">Double</attrtype><attwidth Sync="TRUE">19</attwidth><atprecis Sync="TRUE">0</atprecis><attscale Sync="TRUE">0</attscale></attr><attr><attrlabl Sync="TRUE">F201502</attrlabl><attalias Sync="TRUE">F201502</attalias><attrtype Sync="TRUE">Double</attrtype><attwidth Sync="TRUE">19</attwidth><atprecis Sync="TRUE">0</atprecis><attscale Sync="TRUE">0</attscale></attr><attr><attrlabl Sync="TRUE">F201503</attrlabl><attalias Sync="TRUE">F201503</attalias><attrtype Sync="TRUE">Double</attrtype><attwidth Sync="TRUE">19</attwidth><atprecis Sync="TRUE">0</atprecis><attscale Sync="TRUE">0</attscale></attr><attr><attrlabl Sync="TRUE">F201504</attrlabl><attalias Sync="TRUE">F201504</attalias><attrtype Sync="TRUE">Double</attrtype><attwidth Sync="TRUE">19</attwidth><atprecis Sync="TRUE">0</atprecis><attscale Sync="TRUE">0</attscale></attr><attr><attrlabl Sync="TRUE">F201505</attrlabl><attalias Sync="TRUE">F201505</attalias><attrtype Sync="TRUE">Double</attrtype><attwidth Sync="TRUE">19</attwidth><atprecis Sync="TRUE">0</atprecis><attscale Sync="TRUE">0</attscale></attr><attr><attrlabl Sync="TRUE">F201506</attrlabl><attalias Sync="TRUE">F201506</attalias><attrtype Sync="TRUE">Double</attrtype><attwidth Sync="TRUE">19</attwidth><atprecis Sync="TRUE">0</atprecis><attscale Sync="TRUE">0</attscale></attr><attr><attrlabl Sync="TRUE">F201507</attrlabl><attalias Sync="TRUE">F201507</attalias><attrtype Sync="TRUE">Double</attrtype><attwidth Sync="TRUE">19</attwidth><atprecis Sync="TRUE">0</atprecis><attscale Sync="TRUE">0</attscale></attr><attr><attrlabl Sync="TRUE">F201508</attrlabl><attalias Sync="TRUE">F201508</attalias><attrtype Sync="TRUE">Double</attrtype><attwidth Sync="TRUE">19</attwidth><atprecis Sync="TRUE">0</atprecis><attscale Sync="TRUE">0</attscale></attr><attr><attrlabl Sync="TRUE">F201509</attrlabl><attalias Sync="TRUE">F201509</attalias><attrtype Sync="TRUE">Double</attrtype><attwidth Sync="TRUE">19</attwidth><atprecis Sync="TRUE">0</atprecis><attscale Sync="TRUE">0</attscale></attr><attr><attrlabl Sync="TRUE">F201510</attrlabl><attalias Sync="TRUE">F201510</attalias><attrtype Sync="TRUE">Double</attrtype><attwidth Sync="TRUE">19</attwidth><atprecis Sync="TRUE">0</atprecis><attscale Sync="TRUE">0</attscale></attr><attr><attrlabl Sync="TRUE">F201511</attrlabl><attalias Sync="TRUE">F201511</attalias><attrtype Sync="TRUE">Double</attrtype><attwidth Sync="TRUE">19</attwidth><atprecis Sync="TRUE">0</atprecis><attscale Sync="TRUE">0</attscale></attr><attr><attrlabl Sync="TRUE">F201512</attrlabl><attalias Sync="TRUE">F201512</attalias><attrtype Sync="TRUE">Double</attrtype><attwidth Sync="TRUE">19</attwidth><atprecis Sync="TRUE">0</atprecis><attscale Sync="TRUE">0</attscale></attr><attr><attrlabl Sync="TRUE">F201601</attrlabl><attalias Sync="TRUE">F201601</attalias><attrtype Sync="TRUE">Double</attrtype><attwidth Sync="TRUE">19</attwidth><atprecis Sync="TRUE">0</atprecis><attscale Sync="TRUE">0</attscale></attr><attr><attrlabl Sync="TRUE">F201602</attrlabl><attalias Sync="TRUE">F201602</attalias><attrtype Sync="TRUE">Double</attrtype><attwidth Sync="TRUE">19</attwidth><atprecis Sync="TRUE">0</atprecis><attscale Sync="TRUE">0</attscale></attr><attr><attrlabl Sync="TRUE">F201603</attrlabl><attalias Sync="TRUE">F201603</attalias><attrtype Sync="TRUE">Double</attrtype><attwidth Sync="TRUE">19</attwidth><atprecis Sync="TRUE">0</atprecis><attscale Sync="TRUE">0</attscale></attr><attr><attrlabl Sync="TRUE">F201604</attrlabl><attalias Sync="TRUE">F201604</attalias><attrtype Sync="TRUE">Double</attrtype><attwidth Sync="TRUE">19</attwidth><atprecis Sync="TRUE">0</atprecis><attscale Sync="TRUE">0</attscale></attr><attr><attrlabl Sync="TRUE">F201605</attrlabl><attalias Sync="TRUE">F201605</attalias><attrtype Sync="TRUE">Double</attrtype><attwidth Sync="TRUE">19</attwidth><atprecis Sync="TRUE">0</atprecis><attscale Sync="TRUE">0</attscale></attr><attr><attrlabl Sync="TRUE">F201606</attrlabl><attalias Sync="TRUE">F201606</attalias><attrtype Sync="TRUE">Double</attrtype><attwidth Sync="TRUE">19</attwidth><atprecis Sync="TRUE">0</atprecis><attscale Sync="TRUE">0</attscale></attr><attr><attrlabl Sync="TRUE">F201607</attrlabl><attalias Sync="TRUE">F201607</attalias><attrtype Sync="TRUE">Double</attrtype><attwidth Sync="TRUE">19</attwidth><atprecis Sync="TRUE">0</atprecis><attscale Sync="TRUE">0</attscale></attr><attr><attrlabl Sync="TRUE">F201608</attrlabl><attalias Sync="TRUE">F201608</attalias><attrtype Sync="TRUE">Double</attrtype><attwidth Sync="TRUE">19</attwidth><atprecis Sync="TRUE">0</atprecis><attscale Sync="TRUE">0</attscale></attr><attr><attrlabl Sync="TRUE">F201609</attrlabl><attalias Sync="TRUE">F201609</attalias><attrtype Sync="TRUE">Double</attrtype><attwidth Sync="TRUE">19</attwidth><atprecis Sync="TRUE">0</atprecis><attscale Sync="TRUE">0</attscale></attr><attr><attrlabl Sync="TRUE">F201610</attrlabl><attalias Sync="TRUE">F201610</attalias><attrtype Sync="TRUE">Double</attrtype><attwidth Sync="TRUE">19</attwidth><atprecis Sync="TRUE">0</atprecis><attscale Sync="TRUE">0</attscale></attr><attr><attrlabl Sync="TRUE">F201611</attrlabl><attalias Sync="TRUE">F201611</attalias><attrtype Sync="TRUE">Double</attrtype><attwidth Sync="TRUE">19</attwidth><atprecis Sync="TRUE">0</atprecis><attscale Sync="TRUE">0</attscale></attr><attr><attrlabl Sync="TRUE">F201612</attrlabl><attalias Sync="TRUE">F201612</attalias><attrtype Sync="TRUE">Double</attrtype><attwidth Sync="TRUE">19</attwidth><atprecis Sync="TRUE">0</atprecis><attscale Sync="TRUE">0</attscale></attr><attr><attrlabl Sync="TRUE">F201701</attrlabl><attalias Sync="TRUE">F201701</attalias><attrtype Sync="TRUE">Double</attrtype><attwidth Sync="TRUE">19</attwidth><atprecis Sync="TRUE">0</atprecis><attscale Sync="TRUE">0</attscale></attr><attr><attrlabl Sync="TRUE">F201702</attrlabl><attalias Sync="TRUE">F201702</attalias><attrtype Sync="TRUE">Double</attrtype><attwidth Sync="TRUE">19</attwidth><atprecis Sync="TRUE">0</atprecis><attscale Sync="TRUE">0</attscale></attr><attr><attrlabl Sync="TRUE">F201703</attrlabl><attalias Sync="TRUE">F201703</attalias><attrtype Sync="TRUE">Double</attrtype><attwidth Sync="TRUE">19</attwidth><atprecis Sync="TRUE">0</atprecis><attscale Sync="TRUE">0</attscale></attr><attr><attrlabl Sync="TRUE">F201704</attrlabl><attalias Sync="TRUE">F201704</attalias><attrtype Sync="TRUE">Double</attrtype><attwidth Sync="TRUE">19</attwidth><atprecis Sync="TRUE">0</atprecis><attscale Sync="TRUE">0</attscale></attr><attr><attrlabl Sync="TRUE">F201705</attrlabl><attalias Sync="TRUE">F201705</attalias><attrtype Sync="TRUE">Double</attrtype><attwidth Sync="TRUE">19</attwidth><atprecis Sync="TRUE">0</atprecis><attscale Sync="TRUE">0</attscale></attr><attr><attrlabl Sync="TRUE">F201706</attrlabl><attalias Sync="TRUE">F201706</attalias><attrtype Sync="TRUE">Double</attrtype><attwidth Sync="TRUE">19</attwidth><atprecis Sync="TRUE">0</atprecis><attscale Sync="TRUE">0</attscale></attr><attr><attrlabl Sync="TRUE">F201707</attrlabl><attalias Sync="TRUE">F201707</attalias><attrtype Sync="TRUE">Double</attrtype><attwidth Sync="TRUE">19</attwidth><atprecis Sync="TRUE">0</atprecis><attscale Sync="TRUE">0</attscale></attr><attr><attrlabl Sync="TRUE">F201708</attrlabl><attalias Sync="TRUE">F201708</attalias><attrtype Sync="TRUE">Double</attrtype><attwidth Sync="TRUE">19</attwidth><atprecis Sync="TRUE">0</atprecis><attscale Sync="TRUE">0</attscale></attr><attr><attrlabl Sync="TRUE">F201709</attrlabl><attalias Sync="TRUE">F201709</attalias><attrtype Sync="TRUE">Double</attrtype><attwidth Sync="TRUE">19</attwidth><atprecis Sync="TRUE">0</atprecis><attscale Sync="TRUE">0</attscale></attr><attr><attrlabl Sync="TRUE">F201710</attrlabl><attalias Sync="TRUE">F201710</attalias><attrtype Sync="TRUE">Double</attrtype><attwidth Sync="TRUE">19</attwidth><atprecis Sync="TRUE">0</atprecis><attscale Sync="TRUE">0</attscale></attr><attr><attrlabl Sync="TRUE">F201711</attrlabl><attalias Sync="TRUE">F201711</attalias><attrtype Sync="TRUE">Double</attrtype><attwidth Sync="TRUE">19</attwidth><atprecis Sync="TRUE">0</atprecis><attscale Sync="TRUE">0</attscale></attr><attr><attrlabl Sync="TRUE">F201712</attrlabl><attalias Sync="TRUE">F201712</attalias><attrtype Sync="TRUE">Double</attrtype><attwidth Sync="TRUE">19</attwidth><atprecis Sync="TRUE">0</atprecis><attscale Sync="TRUE">0</attscale></attr><attr><attrlabl Sync="TRUE">F201801</attrlabl><attalias Sync="TRUE">F201801</attalias><attrtype Sync="TRUE">Double</attrtype><attwidth Sync="TRUE">19</attwidth><atprecis Sync="TRUE">0</atprecis><attscale Sync="TRUE">0</attscale></attr><attr><attrlabl Sync="TRUE">F201802</attrlabl><attalias Sync="TRUE">F201802</attalias><attrtype Sync="TRUE">Double</attrtype><attwidth Sync="TRUE">19</attwidth><atprecis Sync="TRUE">0</atprecis><attscale Sync="TRUE">0</attscale></attr><attr><attrlabl Sync="TRUE">F201803</attrlabl><attalias Sync="TRUE">F201803</attalias><attrtype Sync="TRUE">Double</attrtype><attwidth Sync="TRUE">19</attwidth><atprecis Sync="TRUE">0</atprecis><attscale Sync="TRUE">0</attscale></attr><attr><attrlabl Sync="TRUE">F201804</attrlabl><attalias Sync="TRUE">F201804</attalias><attrtype Sync="TRUE">Double</attrtype><attwidth Sync="TRUE">19</attwidth><atprecis Sync="TRUE">0</atprecis><attscale Sync="TRUE">0</attscale></attr><attr><attrlabl Sync="TRUE">F201805</attrlabl><attalias Sync="TRUE">F201805</attalias><attrtype Sync="TRUE">Double</attrtype><attwidth Sync="TRUE">19</attwidth><atprecis Sync="TRUE">0</atprecis><attscale Sync="TRUE">0</attscale></attr><attr><attrlabl Sync="TRUE">F201806</attrlabl><attalias Sync="TRUE">F201806</attalias><attrtype Sync="TRUE">Double</attrtype><attwidth Sync="TRUE">19</attwidth><atprecis Sync="TRUE">0</atprecis><attscale Sync="TRUE">0</attscale></attr><attr><attrlabl Sync="TRUE">F201807</attrlabl><attalias Sync="TRUE">F201807</attalias><attrtype Sync="TRUE">Double</attrtype><attwidth Sync="TRUE">19</attwidth><atprecis Sync="TRUE">0</atprecis><attscale Sync="TRUE">0</attscale></attr><attr><attrlabl Sync="TRUE">F201808</attrlabl><attalias Sync="TRUE">F201808</attalias><attrtype Sync="TRUE">Double</attrtype><attwidth Sync="TRUE">19</attwidth><atprecis Sync="TRUE">0</atprecis><attscale Sync="TRUE">0</attscale></attr><attr><attrlabl Sync="TRUE">F201809</attrlabl><attalias Sync="TRUE">F201809</attalias><attrtype Sync="TRUE">Double</attrtype><attwidth Sync="TRUE">19</attwidth><atprecis Sync="TRUE">0</atprecis><attscale Sync="TRUE">0</attscale></attr><attr><attrlabl Sync="TRUE">F201810</attrlabl><attalias Sync="TRUE">F201810</attalias><attrtype Sync="TRUE">Double</attrtype><attwidth Sync="TRUE">19</attwidth><atprecis Sync="TRUE">0</atprecis><attscale Sync="TRUE">0</attscale></attr><attr><attrlabl Sync="TRUE">F201811</attrlabl><attalias Sync="TRUE">F201811</attalias><attrtype Sync="TRUE">Double</attrtype><attwidth Sync="TRUE">19</attwidth><atprecis Sync="TRUE">0</atprecis><attscale Sync="TRUE">0</attscale></attr><attr><attrlabl Sync="TRUE">F201812</attrlabl><attalias Sync="TRUE">F201812</attalias><attrtype Sync="TRUE">Double</attrtype><attwidth Sync="TRUE">19</attwidth><atprecis Sync="TRUE">0</atprecis><attscale Sync="TRUE">0</attscale></attr></detailed></eainfo><mdDateSt Sync="TRUE">20220404</mdDateSt></metadata>
